Date,Open,Low,High,Close,Volume,Amount
2015-02-02 10:04:00,1.09,1.09,1.09,1.09,2000,2180
2015-02-02 10:14:00,1.11,1.11,1.11,1.11,1000,1110
2015-02-02 10:15:00,1.1,1.1,1.1,1.1,62000,68200
2015-02-02 10:18:00,1.1,1.1,1.1,1.1,7000,7700
2015-02-02 10:19:00,1.1,1.1,1.1,1.1,14000,15400
2015-02-02 10:26:00,1.1,1.1,1.1,1.1,5000,5500
2015-02-02 10:32:00,1.1,1.1,1.1,1.1,3000,3300
2015-02-02 10:37:00,1.1,1.1,1.1,1.1,11000,12100
2015-02-02 10:40:00,1.1,1.1,1.1,1.1,63000,69300
2015-02-02 13:33:00,1.1,1.1,1.1,1.1,50000,55000
2015-02-02 13:39:00,1.1,1.1,1.1,1.1,70000,77000
2015-02-02 13:40:00,1.1,1.1,1.1,1.1,106000,116600
2015-02-02 13:43:00,1.1,1.1,1.1,1.1,15000,16500
2015-02-02 13:45:00,1.1,1.1,1.1,1.1,20000,22000
2015-02-02 13:51:00,1.12,1.12,1.12,1.12,1000,1120
2015-02-02 14:57:00,1.1,1.1,1.1,1.1,50000,55000
2015-02-02 14:59:00,1.1,1.1,1.1,1.1,1000,1100
2015-02-02 15:11:00,1.1,1.1,1.1,1.1,5000,5500
2015-02-02 15:48:00,1.1,1.1,1.1,1.1,20000,22000
2015-02-02 15:51:00,1.1,1.1,1.1,1.1,30000,33000
2015-02-03 11:17:00,1.1,1.1,1.1,1.1,10000,11000
2015-02-03 13:20:00,1.11,1.11,1.11,1.11,6000,6650
2015-02-03 13:36:00,1.11,1.11,1.11,1.11,1000,1110
2015-02-03 13:39:00,1.12,1.12,1.12,1.12,1000,1120
2015-02-03 14:05:00,1.12,1.12,1.12,1.12,49000,54800
2015-02-03 14:09:00,1.14,1.14,1.14,1.14,1000,1140
2015-02-03 14:14:00,1.12,1.12,1.12,1.12,21000,23520
2015-02-03 14:15:00,1.14,1.14,1.14,1.14,1000,1140
2015-02-03 14:22:00,1.14,1.14,1.14,1.14,21000,23940
2015-02-03 14:23:00,1.15,1.15,1.15,1.15,1000,1150
2015-02-03 14:24:00,1.15,1.15,1.15,1.15,4000,4600
2015-02-03 14:35:00,1.15,1.15,1.15,1.15,2000,2300
2015-02-03 14:36:00,1.15,1.15,1.16,1.16,15000,17260
2015-02-03 14:37:00,1.16,1.16,1.16,1.16,3000,3480
2015-02-03 14:47:00,1.16,1.16,1.16,1.16,4000,4640
2015-02-03 14:49:00,1.14,1.14,1.14,1.14,19432,21999
2015-02-03 14:52:00,1.14,1.14,1.14,1.14,3000,3420
2015-02-03 14:55:00,1.14,1.14,1.14,1.14,1000,1140
2015-02-03 14:57:00,1.14,1.14,1.14,1.14,53000,59970
2015-02-03 15:11:00,1.13,1.13,1.13,1.13,64000,71780
2015-02-03 15:13:00,1.12,1.12,1.12,1.12,1000,1120
2015-02-03 15:41:00,1.13,1.13,1.13,1.13,1000,1130
2015-02-03 15:50:00,1.14,1.14,1.14,1.14,1000,1140
2015-02-03 15:52:00,1.13,1.13,1.13,1.13,17000,19240
2015-02-03 15:53:00,1.13,1.13,1.13,1.13,6000,6780
2015-02-03 15:56:00,1.13,1.13,1.13,1.13,29000,32770
2015-02-03 15:57:00,1.12,1.12,1.12,1.12,5000,5600
2015-02-04 10:20:00,1.12,1.12,1.12,1.12,14000,15680
2015-02-04 10:26:00,1.14,1.14,1.14,1.14,1000,1140
2015-02-04 10:29:00,1.14,1.14,1.14,1.14,10000,11400
2015-02-04 10:34:00,1.14,1.14,1.14,1.14,27000,30360
2015-02-04 10:35:00,1.14,1.14,1.14,1.14,3000,3420
2015-02-04 10:45:00,1.11,1.11,1.11,1.11,100000,111340
2015-02-04 10:51:00,1.14,1.14,1.14,1.14,6000,6840
2015-02-04 10:55:00,1.13,1.13,1.13,1.13,5000,5650
2015-02-04 11:01:00,1.13,1.13,1.13,1.13,6000,6780
2015-02-04 11:04:00,1.12,1.12,1.12,1.12,205000,225250
2015-02-04 11:11:00,1.12,1.12,1.12,1.12,206000,222000
2015-02-04 11:13:00,1.09,1.09,1.09,1.09,21000,22890
2015-02-04 11:14:00,1.09,1.09,1.1,1.1,9000,9820
2015-02-04 11:21:00,1.07,1.07,1.07,1.07,100000,107000
2015-02-04 11:24:00,1.09,1.09,1.09,1.09,8000,8720
2015-02-04 11:26:00,1.06,1.06,1.06,1.06,200000,212250
2015-02-04 11:27:00,1.09,1.09,1.09,1.09,16000,17440
2015-02-04 11:28:00,1.09,1.09,1.09,1.09,23000,25070
2015-02-04 11:30:00,1.06,1.06,1.09,1.09,177000,188230
2015-02-04 11:31:00,1.09,1.09,1.09,1.09,56000,61040
2015-02-04 11:34:00,1.09,1.09,1.09,1.09,20000,21800
2015-02-04 11:35:00,1.08,1.08,1.08,1.08,4000,4320
2015-02-04 11:41:00,1.09,1.09,1.09,1.09,1000,1090
2015-02-04 11:50:00,1.09,1.09,1.09,1.09,20000,21800
2015-02-04 13:25:00,1.08,1.08,1.08,1.08,3000,3240
2015-02-04 14:07:00,1.09,1.09,1.09,1.09,144000,156960
2015-02-04 14:08:00,1.1,1.1,1.1,1.1,1000,1100
2015-02-04 14:15:00,1.09,1.09,1.09,1.09,4000,4360
2015-02-04 15:28:00,1.09,1.09,1.09,1.09,20000,21800
2015-02-04 15:57:00,1.1,1.1,1.1,1.1,88000,96800
2015-02-04 15:58:00,1.1,1.1,1.11,1.11,115000,127350
2015-02-04 15:59:00,1.12,1.12,1.12,1.12,59000,65320
2015-02-04 16:00:00,1.13,1.13,1.13,1.13,9000,10170
2015-02-05 09:31:00,1.1,1.1,1.1,1.1,7000,7700
2015-02-05 11:09:00,1.11,1.11,1.11,1.11,70000,77700
2015-02-05 11:10:00,1.11,1.11,1.11,1.11,30000,33300
2015-02-05 11:11:00,1.13,1.13,1.13,1.13,1000,1130
2015-02-05 11:12:00,1.13,1.13,1.13,1.13,12000,13560
2015-02-05 11:30:00,1.11,1.11,1.11,1.11,20000,22200
2015-02-05 11:31:00,1.12,1.12,1.12,1.12,17000,19040
2015-02-05 13:02:00,1.12,1.12,1.12,1.12,4000,4480
2015-02-05 13:03:00,1.12,1.12,1.12,1.12,6000,6720
2015-02-05 13:13:00,1.13,1.13,1.13,1.13,3000,3390
2015-02-05 13:16:00,1.11,1.11,1.11,1.11,6000,6660
2015-02-05 13:18:00,1.13,1.13,1.13,1.13,3000,3390
2015-02-05 13:23:00,1.12,1.12,1.12,1.12,6000,6720
2015-02-05 13:35:00,1.12,1.12,1.12,1.12,10000,11200
2015-02-05 14:10:00,1.11,1.11,1.11,1.11,100000,111000
2015-02-05 14:11:00,1.11,1.11,1.11,1.11,47000,52170
2015-02-05 14:14:00,1.11,1.11,1.11,1.11,53000,58830
2015-02-05 14:15:00,1.12,1.12,1.12,1.12,20000,22400
2015-02-05 14:25:00,1.11,1.11,1.11,1.11,4000,4440
2015-02-05 14:33:00,1.11,1.11,1.11,1.11,150000,166500
2015-02-05 14:44:00,1.11,1.11,1.11,1.11,12000,13320
2015-02-05 14:48:00,1.12,1.12,1.12,1.12,73000,81760
2015-02-05 15:00:00,1.12,1.12,1.12,1.12,30000,33600
2015-02-05 15:24:00,1.14,1.14,1.14,1.14,50000,57000
2015-02-05 15:32:00,1.12,1.12,1.12,1.12,63000,70560
2015-02-05 15:33:00,1.12,1.12,1.12,1.12,12000,13440
2015-02-05 15:34:00,1.11,1.1,1.11,1.1,530000,585000
2015-02-05 15:37:00,1.11,1.11,1.11,1.11,13000,14430
2015-02-05 15:38:00,1.11,1.1,1.11,1.1,73000,80850
2015-02-05 15:46:00,1.12,1.12,1.12,1.12,12000,13440
2015-02-05 15:55:00,1.11,1.11,1.11,1.11,13000,14430
2015-02-05 15:56:00,1.12,1.12,1.12,1.12,12000,13440
2015-02-05 15:57:00,1.11,1.11,1.11,1.11,10000,11100
2015-02-05 15:58:00,1.12,1.12,1.12,1.12,5000,5600
2015-02-05 15:59:00,1.11,1.11,1.11,1.11,32000,35520
2015-02-05 16:00:00,1.1,1.1,1.1,1.1,59000,64900
2015-02-06 09:31:00,1.15,1.15,1.15,1.15,35000,40250
2015-02-06 09:32:00,1.15,1.15,1.15,1.15,15000,17250
2015-02-06 09:33:00,1.16,1.16,1.16,1.16,20000,23050
2015-02-06 09:36:00,1.15,1.15,1.15,1.15,22000,25300
2015-02-06 09:48:00,1.15,1.15,1.15,1.15,10000,11500
2015-02-06 09:50:00,1.14,1.13,1.14,1.13,22000,24880
2015-02-06 09:51:00,1.12,1.12,1.12,1.12,13000,14560
2015-02-06 09:57:00,1.15,1.15,1.15,1.15,18000,20700
2015-02-06 09:58:00,1.15,1.15,1.15,1.15,102000,117300
2015-02-06 10:07:00,1.15,1.15,1.15,1.15,58000,66700
2015-02-06 10:37:00,1.15,1.15,1.15,1.15,4000,4600
2015-02-06 11:41:00,1.13,1.13,1.13,1.13,2000,2260
2015-02-06 11:58:00,1.12,1.12,1.12,1.12,40000,44800
2015-02-06 13:01:00,1.13,1.13,1.13,1.13,30000,33900
2015-02-06 13:29:00,1.12,1.12,1.12,1.12,140000,156800
2015-02-06 13:34:00,1.12,1.12,1.12,1.12,12000,13440
2015-02-06 13:42:00,1.11,1.11,1.11,1.11,50000,55500
2015-02-06 13:43:00,1.11,1.11,1.11,1.11,151000,167610
2015-02-06 13:44:00,1.11,1.11,1.11,1.11,16000,17760
2015-02-06 13:45:00,1.11,1.11,1.11,1.11,7000,7770
2015-02-06 13:54:00,1.11,1.11,1.11,1.11,5000,5550
2015-02-06 13:56:00,1.11,1.11,1.11,1.11,27000,29970
2015-02-06 13:58:00,1.1,1.1,1.1,1.1,100000,110000
2015-02-06 13:59:00,1.1,1.1,1.1,1.1,60000,66000
2015-02-06 14:01:00,1.1,1.1,1.1,1.1,22000,24200
2015-02-06 14:02:00,1.11,1.11,1.11,1.11,68000,75480
2015-02-06 14:03:00,1.11,1.11,1.11,1.11,20000,22200
2015-02-06 14:10:00,1.11,1.11,1.11,1.11,50000,55500
2015-02-06 14:11:00,1.11,1.11,1.11,1.11,60000,66600
2015-02-06 14:15:00,1.12,1.12,1.12,1.12,20000,22400
2015-02-06 14:16:00,1.1,1.1,1.1,1.1,20000,22140
2015-02-06 14:19:00,1.11,1.11,1.11,1.11,14000,15540
2015-02-06 14:21:00,1.11,1.11,1.11,1.11,14000,15540
2015-02-06 14:22:00,1.11,1.11,1.11,1.11,24000,26640
2015-02-06 14:52:00,1.1,1.1,1.1,1.1,100000,110000
2015-02-06 14:53:00,1.1,1.1,1.1,1.1,12000,13200
2015-02-06 14:56:00,1.1,1.1,1.1,1.1,50000,55000
2015-02-06 15:00:00,1.1,1.1,1.1,1.1,50000,55000
2015-02-06 15:06:00,1.1,1.1,1.1,1.1,140000,154000
2015-02-06 15:07:00,1.1,1.1,1.1,1.1,4000,4400
2015-02-06 15:11:00,1.09,1.09,1.09,1.09,30000,32700
2015-02-06 15:16:00,1.09,1.09,1.09,1.09,4000,4360
2015-02-06 15:20:00,1.09,1.09,1.09,1.09,3000,3270
2015-02-06 15:21:00,1.08,1.08,1.08,1.08,73000,78840
2015-02-06 15:28:00,1.08,1.08,1.08,1.08,12000,12960
2015-02-06 15:30:00,1.08,1.08,1.08,1.08,48000,51840
2015-02-06 15:36:00,1.07,1.07,1.08,1.08,151000,162080
2015-02-06 15:46:00,1.07,1.07,1.07,1.07,50000,53500
2015-02-06 15:50:00,1.06,1.06,1.06,1.06,50000,53000
2015-02-06 15:51:00,1.06,1.06,1.06,1.06,50000,53000
2015-02-06 15:52:00,1.07,1.07,1.08,1.08,59000,63220
2015-02-06 15:54:00,1.08,1.08,1.08,1.08,10000,10800
2015-02-06 15:58:00,1.06,1.06,1.06,1.06,126000,133560
2015-02-06 15:59:00,1.07,1.07,1.07,1.07,50000,53000
2015-02-09 09:47:00,1.09,1.09,1.09,1.09,1000,1090
2015-02-09 10:14:00,1.09,1.09,1.09,1.09,20000,21800
2015-02-09 10:50:00,1.06,1.06,1.09,1.09,21000,22420
2015-02-09 11:18:00,1.09,1.09,1.09,1.09,79000,86110
2015-02-09 11:43:00,1.08,1.08,1.08,1.08,50000,54000
2015-02-09 11:51:00,1.09,1.09,1.09,1.09,1000,1090
2015-02-09 11:54:00,1.09,1.09,1.09,1.09,48000,52320
2015-02-09 14:13:00,1.07,1.07,1.07,1.07,5000,5350
2015-02-09 14:42:00,1.09,1.09,1.09,1.09,1000,1090
2015-02-09 15:44:00,1.09,1.09,1.09,1.09,60000,65400
2015-02-09 15:46:00,1.09,1.09,1.09,1.09,40000,43600
2015-02-09 16:01:00,1.07,1.07,1.07,1.07,79000,84530
2015-02-10 09:43:00,1.07,1.07,1.07,1.07,20000,21400
2015-02-10 10:05:00,1.07,1.07,1.07,1.07,50000,53520
2015-02-10 10:38:00,1.08,1.08,1.08,1.08,5000,5400
2015-02-10 11:30:00,1.08,1.08,1.08,1.08,101000,109080
2015-02-10 11:36:00,1.07,1.07,1.07,1.07,2000,2140
2015-02-10 11:37:00,1.08,1.08,1.08,1.08,1000,1080
2015-02-10 13:46:00,1.07,1.07,1.08,1.08,8000,8570
2015-02-10 13:49:00,1.07,1.07,1.08,1.08,52000,55650
2015-02-10 13:51:00,1.08,1.08,1.08,1.08,10000,10700
2015-02-10 13:53:00,1.06,1.06,1.08,1.08,267000,284440
2015-02-10 13:54:00,1.08,1.08,1.08,1.08,20000,21600
2015-02-10 14:02:00,1.07,1.07,1.07,1.07,10000,10700
2015-02-10 14:31:00,1.06,1.06,1.06,1.06,4000,4240
2015-02-10 14:33:00,1.06,1.06,1.06,1.06,1706,1787
2015-02-10 14:34:00,1.07,1.07,1.07,1.07,1000,1070
2015-02-10 14:41:00,1.07,1.07,1.07,1.07,20000,21400
2015-02-10 14:48:00,1.07,1.07,1.07,1.07,1000,1070
2015-02-10 15:02:00,1.07,1.07,1.07,1.07,18000,19260
2015-02-10 15:22:00,1.07,1.07,1.07,1.07,30000,32100
2015-02-10 15:46:00,1.07,1.07,1.07,1.07,2000,2140
2015-02-11 09:31:00,1.1,1.1,1.1,1.1,1000,1100
2015-02-11 10:18:00,1.09,1.09,1.09,1.09,941,978
2015-02-11 10:22:00,1.1,1.1,1.1,1.1,200000,218880
2015-02-11 10:28:00,1.07,1.07,1.07,1.07,1000,1070
2015-02-11 10:37:00,1.09,1.09,1.09,1.09,4000,4360
2015-02-11 10:39:00,1.09,1.09,1.09,1.09,28000,30520
2015-02-11 10:42:00,1.09,1.09,1.09,1.09,11000,11990
2015-02-11 11:40:00,1.09,1.09,1.09,1.09,2000,2180
2015-02-11 11:47:00,1.08,1.08,1.08,1.08,37000,39960
2015-02-11 11:49:00,1.1,1.1,1.1,1.1,3000,3300
2015-02-11 13:22:00,1.1,1.1,1.1,1.1,1000,1100
2015-02-11 13:54:00,1.09,1.09,1.09,1.09,1000,1090
2015-02-11 13:55:00,1.09,1.09,1.09,1.09,49000,53410
2015-02-11 14:40:00,1.09,1.09,1.09,1.09,23000,25070
2015-02-11 14:41:00,1.09,1.09,1.09,1.09,3000,3270
2015-02-11 14:47:00,1.09,1.09,1.09,1.09,4000,4360
2015-02-11 14:49:00,1.09,1.09,1.09,1.09,1000,1090
2015-02-11 14:59:00,1.09,1.09,1.09,1.09,6000,6540
2015-02-11 15:08:00,1.08,1.08,1.08,1.08,80000,86400
2015-02-11 15:21:00,1.09,1.09,1.09,1.09,5000,5450
2015-02-11 15:32:00,1.08,1.08,1.08,1.08,8000,8640
2015-02-11 15:44:00,1.08,1.08,1.08,1.08,42000,45360
2015-02-11 15:45:00,1.09,1.09,1.09,1.09,130000,141700
2015-02-11 15:51:00,1.09,1.09,1.09,1.09,4000,4360
2015-02-11 15:55:00,1.09,1.09,1.09,1.09,50000,54500
2015-02-11 15:56:00,1.09,1.09,1.09,1.09,4000,4360
2015-02-11 15:58:00,1.09,1.09,1.09,1.09,4000,4360
2015-02-11 15:59:00,1.09,1.09,1.1,1.1,300000,327040
2015-02-11 16:00:00,1.09,1.09,1.09,1.09,80000,87200
2015-02-12 10:40:00,1.09,1.09,1.09,1.09,40000,43600
2015-02-12 13:19:00,1.08,1.08,1.08,1.08,50000,54000
2015-02-12 13:27:00,1.09,1.09,1.09,1.09,1000,1090
2015-02-12 13:28:00,1.08,1.08,1.09,1.09,31000,33490
2015-02-12 13:53:00,1.08,1.08,1.08,1.08,50000,54000
2015-02-12 13:57:00,1.07,1.07,1.08,1.08,11000,11780
2015-02-12 13:59:00,1.07,1.07,1.08,1.08,11000,11780
2015-02-12 14:02:00,1.09,1.09,1.09,1.09,6000,6540
2015-02-12 14:04:00,1.07,1.07,1.07,1.07,20000,21400
2015-02-12 14:32:00,1.09,1.09,1.09,1.09,1000,1090
2015-02-12 14:46:00,1.08,1.08,1.08,1.08,10000,10800
2015-02-12 15:02:00,1.09,1.09,1.09,1.09,5000,5450
2015-02-12 15:11:00,1.08,1.08,1.08,1.08,34000,36730
2015-02-12 15:16:00,1.09,1.09,1.09,1.09,2000,2180
2015-02-13 10:10:00,1.09,1.09,1.09,1.09,5000,5450
2015-02-13 10:22:00,1.09,1.09,1.09,1.09,5000,5450
2015-02-13 10:41:00,1.08,1.08,1.08,1.08,6000,6480
2015-02-13 11:19:00,1.08,1.08,1.08,1.08,40000,43200
2015-02-13 13:01:00,1.08,1.08,1.08,1.08,8000,8640
2015-02-13 13:07:00,1.07,1.07,1.07,1.07,98000,104860
2015-02-13 13:15:00,1.08,1.08,1.08,1.08,1000,1080
2015-02-13 15:44:00,1.07,1.07,1.07,1.07,174000,186180
2015-02-13 15:47:00,1.06,1.06,1.06,1.06,100000,106000
2015-02-13 15:48:00,1.07,1.07,1.07,1.07,1000,1070
2015-02-13 15:49:00,1.07,1.07,1.07,1.07,201000,213070
2015-02-13 15:51:00,1.06,1.06,1.07,1.07,241000,255470
2015-02-13 15:58:00,1.08,1.08,1.08,1.08,1000,1080
2015-02-16 09:33:00,1.09,1.09,1.09,1.09,1000,1090
2015-02-16 09:42:00,1.09,1.09,1.09,1.09,1000,1090
2015-02-16 10:00:00,1.08,1.08,1.08,1.08,6000,6480
2015-02-16 10:06:00,1.09,1.09,1.09,1.09,1000,1090
2015-02-16 10:31:00,1.06,1.06,1.06,1.06,20000,21300
2015-02-16 10:34:00,1.09,1.09,1.09,1.09,1000,1090
2015-02-16 13:57:00,1.09,1.09,1.09,1.09,2000,2180
2015-02-16 14:03:00,1.09,1.09,1.09,1.09,1000,1090
2015-02-16 14:04:00,1.06,1.06,1.06,1.06,8000,8540
2015-02-16 14:07:00,1.09,1.09,1.09,1.09,1000,1090
2015-02-16 14:56:00,1.07,1.07,1.07,1.07,90000,96300
2015-02-16 14:58:00,1.07,1.07,1.07,1.07,3000,3210
2015-02-16 14:59:00,1.06,1.06,1.06,1.06,57000,60420
2015-02-16 15:10:00,1.09,1.09,1.09,1.09,1000,1090
2015-02-16 15:14:00,1.06,1.06,1.06,1.06,100000,106040
2015-02-16 15:21:00,1.09,1.09,1.09,1.09,1000,1090
2015-02-16 16:00:00,1.09,1.09,1.09,1.09,2000,2180
2015-02-17 09:46:00,1.06,1.06,1.06,1.06,1000,1060
2015-02-17 10:03:00,1.09,1.09,1.09,1.09,1000,1090
2015-02-17 10:44:00,1.09,1.09,1.09,1.09,32000,34880
2015-02-17 13:06:00,1.09,1.09,1.09,1.09,50000,54500
2015-02-17 13:13:00,1.09,1.09,1.09,1.09,10000,10900
2015-02-17 13:22:00,1.08,1.08,1.08,1.08,1000,1080
2015-02-17 13:41:00,1.09,1.09,1.09,1.09,4000,4360
2015-02-17 15:06:00,1.08,1.08,1.08,1.08,100000,108000
2015-02-17 15:30:00,1.09,1.09,1.09,1.09,2000,2180
2015-02-17 15:40:00,1.09,1.09,1.09,1.09,1000,1090
2015-02-18 09:31:00,1.15,1.15,1.15,1.15,1000,1150
2015-02-18 09:57:00,1.1,1.1,1.1,1.1,18000,19800
2015-02-18 10:26:00,1.1,1.1,1.1,1.1,10000,11000
2015-02-18 10:28:00,1.1,1.1,1.1,1.1,15000,16500
2015-02-18 10:50:00,1.1,1.1,1.1,1.1,8000,8800
2015-02-18 11:16:00,1.11,1.11,1.11,1.11,63000,69930
2015-02-18 11:22:00,1.12,1.12,1.12,1.12,1000,1120
2015-02-18 11:23:00,1.12,1.12,1.12,1.12,26000,29120
2015-02-18 11:26:00,1.13,1.13,1.13,1.13,1000,1130
2015-02-18 11:36:00,1.1,1.1,1.1,1.1,41000,45100
2015-02-18 11:40:00,1.12,1.12,1.12,1.12,1000,1120
2015-02-18 11:59:00,1.1,1.1,1.1,1.1,10000,11000
2015-02-23 09:35:00,1.1,1.1,1.1,1.1,1000,1100
2015-02-23 09:38:00,1.09,1.09,1.09,1.09,7000,7630
2015-02-23 09:40:00,1.08,1.08,1.08,1.08,20000,21600
2015-02-23 09:42:00,1.09,1.09,1.09,1.09,1000,1090
2015-02-23 09:46:00,1.09,1.09,1.09,1.09,43000,46870
2015-02-23 09:47:00,1.1,1.1,1.1,1.1,46000,50600
2015-02-23 10:02:00,1.1,1.1,1.1,1.1,1000,1100
2015-02-23 10:16:00,1.1,1.1,1.1,1.1,15000,16500
2015-02-23 10:18:00,1.1,1.1,1.1,1.1,2000,2200
2015-02-23 10:19:00,1.1,1.1,1.1,1.1,42000,46200
2015-02-23 10:21:00,1.11,1.11,1.11,1.11,19000,21090
2015-02-23 10:22:00,1.11,1.11,1.11,1.11,10000,11100
2015-02-23 10:26:00,1.1,1.1,1.1,1.1,20000,22000
2015-02-23 10:27:00,1.1,1.1,1.1,1.1,10000,11000
2015-02-23 10:28:00,1.1,1.1,1.1,1.1,6000,6600
2015-02-23 10:30:00,1.11,1.1,1.11,1.1,31000,34210
2015-02-23 10:33:00,1.1,1.1,1.1,1.1,4000,4400
2015-02-23 10:51:00,1.11,1.11,1.11,1.11,20000,22200
2015-02-23 10:52:00,1.11,1.11,1.11,1.11,20000,22200
2015-02-23 10:55:00,1.11,1.11,1.11,1.11,10000,11100
2015-02-23 11:44:00,1.12,1.12,1.12,1.12,1000,1120
2015-02-23 12:00:00,1.1,1.1,1.1,1.1,14000,15400
2015-02-23 13:25:00,1.12,1.12,1.12,1.12,1000,1120
2015-02-23 13:32:00,1.11,1.11,1.11,1.11,10000,11100
2015-02-23 14:12:00,1.12,1.12,1.12,1.12,1000,1120
2015-02-23 14:34:00,1.12,1.12,1.12,1.12,40000,44800
2015-02-23 14:36:00,1.12,1.12,1.12,1.12,43000,48160
2015-02-23 14:37:00,1.13,1.13,1.13,1.13,1000,1130
2015-02-23 14:49:00,1.12,1.12,1.12,1.12,39000,43680
2015-02-23 14:50:00,1.12,1.12,1.12,1.12,1000,1120
2015-02-23 14:52:00,1.12,1.12,1.12,1.12,1000,1120
2015-02-23 14:58:00,1.12,1.12,1.12,1.12,30000,33600
2015-02-23 15:00:00,1.12,1.12,1.12,1.12,20000,22400
2015-02-23 15:43:00,1.12,1.12,1.12,1.12,13000,14560
2015-02-23 15:46:00,1.12,1.12,1.12,1.12,10000,11200
2015-02-23 15:51:00,1.11,1.11,1.11,1.11,20000,22200
2015-02-23 15:56:00,1.12,1.12,1.12,1.12,10000,11200
2015-02-23 15:59:00,1.11,1.11,1.11,1.11,10000,11100
2015-02-23 16:00:00,1.11,1.11,1.11,1.11,15000,16650
2015-02-24 09:58:00,1.11,1.11,1.11,1.11,500,530
2015-02-24 10:33:00,1.09,1.09,1.09,1.09,1000,1090
2015-02-24 10:42:00,1.11,1.11,1.11,1.11,1000,1110
2015-02-24 11:09:00,1.11,1.11,1.11,1.11,40000,44400
2015-02-24 11:28:00,1.11,1.11,1.11,1.11,236000,261960
2015-02-24 11:32:00,1.11,1.11,1.11,1.11,1000,1110
2015-02-24 11:34:00,1.13,1.13,1.13,1.13,1000,1130
2015-02-24 13:13:00,1.1,1.1,1.1,1.1,1000,1100
2015-02-24 13:17:00,1.13,1.13,1.13,1.13,1000,1130
2015-02-24 13:26:00,1.12,1.12,1.12,1.12,20000,22400
2015-02-24 13:53:00,1.1,1.1,1.1,1.1,1000,1100
2015-02-24 14:06:00,1.12,1.12,1.12,1.12,1000,1120
2015-02-24 14:59:00,1.12,1.12,1.12,1.12,9000,10080
2015-02-24 15:20:00,1.1,1.1,1.1,1.1,70000,77000
2015-02-24 15:23:00,1.12,1.12,1.12,1.12,1000,1120
2015-02-24 15:45:00,1.1,1.1,1.1,1.1,5000,5500
2015-02-24 15:48:00,1.12,1.12,1.12,1.12,1000,1120
2015-02-24 15:49:00,1.1,1.1,1.1,1.1,35000,38500
2015-02-24 15:50:00,1.12,1.12,1.12,1.12,1000,1120
2015-02-24 16:01:00,1.1,1.1,1.1,1.1,15000,16500
2015-02-25 09:31:00,1.19,1.19,1.19,1.19,1000,1190
2015-02-25 09:36:00,1.13,1.13,1.13,1.13,1000,1130
2015-02-25 11:02:00,1.11,1.11,1.11,1.11,16000,17760
2015-02-25 11:37:00,1.11,1.11,1.11,1.11,941,978
2015-02-25 11:42:00,1.1,1.1,1.1,1.1,1000,1100
2015-02-25 11:51:00,1.11,1.11,1.11,1.11,1000,1110
2015-02-25 15:24:00,1.09,1.09,1.09,1.09,1000,1090
2015-02-25 15:26:00,1.1,1.1,1.1,1.1,1000,1100
2015-02-25 15:36:00,1.09,1.09,1.09,1.09,91000,99190
2015-02-25 15:40:00,1.09,1.09,1.09,1.09,20000,21800
2015-02-25 15:51:00,1.08,1.08,1.08,1.08,49000,52920
2015-02-25 15:52:00,1.09,1.09,1.09,1.09,32000,34580
2015-02-25 15:57:00,1.09,1.09,1.09,1.09,21000,22690
2015-02-25 15:58:00,1.1,1.1,1.1,1.1,27000,28930
2015-02-25 15:59:00,1.1,1.1,1.11,1.11,2000,2210
2015-02-26 09:36:00,1.1,1.1,1.1,1.1,20000,21800
2015-02-26 09:37:00,1.1,1.1,1.1,1.1,8000,8800
2015-02-26 09:38:00,1.09,1.09,1.09,1.09,84000,91560
2015-02-26 10:38:00,1.09,1.09,1.09,1.09,13000,14170
2015-02-26 11:54:00,1.09,1.09,1.09,1.09,1000,1090
2015-02-26 12:01:00,1.09,1.09,1.09,1.09,6000,6540
2015-02-26 13:16:00,1.08,1.08,1.08,1.08,10000,10800
2015-02-26 13:35:00,1.09,1.09,1.09,1.09,1000,1090
2015-02-26 14:19:00,1.07,1.07,1.07,1.07,181000,194680
2015-02-26 14:43:00,1.08,1.08,1.08,1.08,49000,52920
2015-02-26 14:46:00,1.09,1.09,1.09,1.09,1000,1090
2015-02-26 15:11:00,1.08,1.08,1.08,1.08,11000,11880
2015-02-26 15:38:00,1.08,1.08,1.08,1.08,30000,32400
2015-02-26 15:53:00,1.07,1.07,1.08,1.08,73000,78500
2015-02-26 15:56:00,1.09,1.09,1.09,1.09,1000,1090
2015-02-27 09:31:00,1.1,1.1,1.1,1.1,1000,1100
2015-02-27 10:45:00,1.09,1.09,1.09,1.09,20000,21800
2015-02-27 11:31:00,1.08,1.08,1.1,1.1,107000,116310
2015-02-27 11:32:00,1.11,1.11,1.11,1.11,456000,504190
2015-02-27 11:34:00,1.12,1.12,1.12,1.12,1000,1120
2015-02-27 11:54:00,1.1,1.1,1.1,1.1,30000,33000
2015-02-27 11:55:00,1.12,1.12,1.12,1.12,1000,1120
2015-02-27 11:56:00,1.1,1.1,1.1,1.1,35000,38500
2015-02-27 12:00:00,1.12,1.12,1.12,1.12,6000,6720
2015-02-27 13:03:00,1.09,1.09,1.09,1.09,20000,21800
2015-02-27 15:05:00,1.08,1.08,1.08,1.08,20000,21600
2015-02-27 15:22:00,1.08,1.08,1.08,1.08,10000,10800
2015-02-27 15:26:00,1.09,1.08,1.09,1.08,139000,149470
2015-02-27 15:31:00,1.09,1.09,1.09,1.09,1000,1090
2015-02-27 15:50:00,1.08,1.08,1.08,1.08,133000,142970
2015-02-27 15:52:00,1.08,1.08,1.08,1.08,183000,195980
2015-02-27 15:55:00,1.07,1.07,1.07,1.07,4000,4280
2015-02-27 15:57:00,1.08,1.08,1.08,1.08,116000,123290
